{"Header":{"Type":40,"MsgSeq":221,"MsgGuid":"e4a9d44b-2af8-41af-b33c-933ada4b6c13","CreationDate":"2020-10-07T15:28:33.3970587Z","ServerTimestamp":1602084513397},"Body":{"Competition":{"Id":67,"Name":"Premier League","Type":3,"Competitions":[{"Id":2024,"Name":"2020/2021","Type":4,"Events":[{"FixtureId":5706073,"Livescore":null,"Markets":[{"Id":589,"Name":"Not To Finish In Top 4","Bets":[{"Id":858492915706073,"Name":"Southampton","Status":2,"StartPrice":"1.0","Price":"1.002","ProviderBetId":"8","LastUpdate":"2020-10-07T15:10:14.8821393Z","PriceUK":"1/21","ParticipantId":15},{"Id":7506854965706073,"Name":"Brighton And Hove Albion","Status":2,"StartPrice":"1.0","Price":"1.001","ProviderBetId":"8","LastUpdate":"2020-10-07T15:10:14.8821143Z","PriceUK":"1/21","ParticipantId":1002},{"Id":16148219925706073,"Name":"Wolverhampton Wanderers","Status":2,"StartPrice":"1.0","Price":"1.063","ProviderBetId":"8","LastUpdate":"2020-10-07T15:10:14.8821547Z","PriceUK":"1/16","ParticipantId":998},{"Id":2898272395706073,"Name":"Liverpool","Status":2,"StartPrice":"1.0","Price":"10.0","ProviderBetId":"8","LastUpdate":"2020-10-07T15:10:14.8821438Z","PriceUK":"9/1","ParticipantId":19},{"Id":18308394905706073,"Name":"Sheffield  United","Status":2,"StartPrice":"1.0","Price":"1.001","ProviderBetId":"8","LastUpdate":"2020-10-07T15:10:14.882173Z","PriceUK":"1/21","ParticipantId":991},{"Id":20021885145706073,"Name":"Tottenham Hotspur","Status":2,"StartPrice":"1.0","Price":"1.5","ProviderBetId":"8","LastUpdate":"2020-10-07T15:10:14.8821773Z","PriceUK":"1/2","ParticipantId":21},{"Id":14639575205706073,"Name":"Everton","Status":2,"StartPrice":"1.0","Price":"1.333","ProviderBetId":"8","LastUpdate":"2020-10-07T15:10:14.8821593Z","PriceUK":"18/55","ParticipantId":12},{"Id":2610625245706073,"Name":"Burnley","Status":2,"StartPrice":"1.0","Price":"1.001","ProviderBetId":"8","LastUpdate":"2020-10-07T15:10:14.8821817Z","PriceUK":"1/21","ParticipantId":978},{"Id":2374087005706073,"Name":"Chelsea","Status":2,"StartPrice":"1.0","Price":"2.625","ProviderBetId":"8","LastUpdate":"2020-10-07T15:10:14.8821881Z","PriceUK":"13/8","ParticipantId":4},{"Id":12607212395706073,"Name":"Leeds United","Status":2,"StartPrice":"1.0","Price":"1.015","ProviderBetId":"8","LastUpdate":"2020-10-07T15:10:14.8821923Z","PriceUK":"1/21","ParticipantId":6},{"Id":3931454585706073,"Name":"West Bromwich Albion","Status":2,"StartPrice":"1.0","Price":"1.001","ProviderBetId":"8","LastUpdate":"2020-10-07T15:10:14.8821964Z","PriceUK":"1/21","ParticipantId":996},{"Id":7941489165706073,"Name":"Manchester City","Status":2,"StartPrice":"1.0","Price":"9.0","ProviderBetId":"8","LastUpdate":"2020-10-07T15:10:14.8821345Z","PriceUK":"8/1","ParticipantId":984},{"Id":10404088175706073,"Name":"West Ham United","Status":2,"StartPrice":"1.0","Price":"1.001","ProviderBetId":"8","LastUpdate":"2020-10-07T15:10:14.8821292Z","PriceUK":"1/21","ParticipantId":11},{"Id":4960603115706073,"Name":"Arsenal","Status":2,"StartPrice":"1.0","Price":"1.4","ProviderBetId":"8","LastUpdate":"2020-10-07T15:10:14.8821637Z","PriceUK":"2/5","ParticipantId":3},{"Id":17571139925706073,"Name":"Leicester City","Status":2,"StartPrice":"1.0","Price":"1.143","ProviderBetId":"8","LastUpdate":"2020-10-07T15:10:14.8822099Z","PriceUK":"15/104","ParticipantId":13},{"Id":16212063965706073,"Name":"Newcastle United","Status":2,"StartPrice":"1.0","Price":"1.001","ProviderBetId":"8","LastUpdate":"2020-10-07T15:10:14.8822158Z","PriceUK":"1/21","ParticipantId":8},{"Id":16096775985706073,"Name":"Fulham","Status":2,"StartPrice":"1.0","Price":"1.001","ProviderBetId":"8","LastUpdate":"2020-10-07T15:10:14.8822056Z","PriceUK":"1/21","ParticipantId":17},{"Id":18433265045706073,"Name":"Manchester United","Status":2,"StartPrice":"1.0","Price":"1.333","ProviderBetId":"8","LastUpdate":"2020-10-07T15:10:14.8822007Z","PriceUK":"18/55","ParticipantId":22},{"Id":18028211335706073,"Name":"Crystal Palace","Status":2,"StartPrice":"1.0","Price":"1.001","ProviderBetId":"8","LastUpdate":"2020-10-07T15:10:14.8821684Z","PriceUK":"1/21","ParticipantId":981},{"Id":9613480165706073,"Name":"Aston Villa","Status":2,"StartPrice":"1.0","Price":"1.005","ProviderBetId":"8","LastUpdate":"2020-10-07T15:10:14.8821486Z","PriceUK":"1/21","ParticipantId":18}]}]}]}]}}}