{"Header":{"Type":40,"MsgSeq":4109,"MsgGuid":"7948a795-c597-4d4a-befe-8b4e1b3d0391","CreationDate":"2020-10-13T20:38:29.3687571Z","ServerTimestamp":1602621509368},"Body":{"Competition":{"Id":67,"Name":"Premier League","Type":3,"Competitions":[{"Id":2024,"Name":"2020/2021","Type":4,"Events":[{"FixtureId":5706073,"Livescore":null,"Markets":[{"Id":274,"Name":"Outright Winner","Bets":[{"Id":399683915706073,"Name":"Burnley","Status":1,"StartPrice":"1.0","Price":"501.0","ProviderBetId":"0","LastUpdate":"2020-10-13T20:38:29.3678789Z","PriceUK":"500/1","ParticipantId":978},{"Id":3545621865706073,"Name":"Liverpool","Status":1,"StartPrice":"1.0","Price":"2.288","ProviderBetId":"0","LastUpdate":"2020-10-13T20:38:29.3678494Z","PriceUK":"103/80","ParticipantId":19},{"Id":20340107205706073,"Name":"Leeds United","Status":1,"StartPrice":"1.0","Price":"113.5","ProviderBetId":"0","LastUpdate":"2020-10-13T20:38:29.3678755Z","PriceUK":"225/2","ParticipantId":6},{"Id":4845586815706073,"Name":"Tottenham Hotspur","Status":1,"StartPrice":"1.0","Price":"18.5","ProviderBetId":"0","LastUpdate":"2020-10-13T20:38:29.3679007Z","PriceUK":"35/2","ParticipantId":21},{"Id":14579978075706073,"Name":"Everton","Status":1,"StartPrice":"1.0","Price":"20.5","ProviderBetId":"0","LastUpdate":"2020-10-13T20:38:29.3678567Z","PriceUK":"39/2","ParticipantId":12},{"Id":13677627015706073,"Name":"Chelsea","Status":1,"StartPrice":"1.0","Price":"13.5","ProviderBetId":"0","LastUpdate":"2020-10-13T20:38:29.3678707Z","PriceUK":"25/2","ParticipantId":4},{"Id":12089945335706073,"Name":"Wolverhampton Wanderers","Status":1,"StartPrice":"1.0","Price":"288.5","ProviderBetId":"0","LastUpdate":"2020-10-13T20:38:29.3678178Z","PriceUK":"575/2","ParticipantId":998},{"Id":630077325706073,"Name":"West Ham United","Status":1,"StartPrice":"1.0","Price":"388.5","ProviderBetId":"0","LastUpdate":"2020-10-13T20:38:29.3678857Z","PriceUK":"775/2","ParticipantId":11},{"Id":13597867025706073,"Name":"Southampton","Status":1,"StartPrice":"1.0","Price":"401.0","ProviderBetId":"0","LastUpdate":"2020-10-13T20:38:29.3678531Z","PriceUK":"400/1","ParticipantId":15},{"Id":19814302495706073,"Name":"Manchester City","Status":1,"StartPrice":"1.0","Price":"2.35","ProviderBetId":"0","LastUpdate":"2020-10-13T20:38:29.3678971Z","PriceUK":"27/20","ParticipantId":984},{"Id":883119035706073,"Name":"Leicester City","Status":1,"StartPrice":"1.0","Price":"51.0","ProviderBetId":"0","LastUpdate":"2020-10-13T20:38:29.3678639Z","PriceUK":"50/1","ParticipantId":13},{"Id":4663552445706073,"Name":"Crystal Palace","Status":1,"StartPrice":"1.0","Price":"501.0","ProviderBetId":"0","LastUpdate":"2020-10-13T20:38:29.3678823Z","PriceUK":"500/1","ParticipantId":981},{"Id":1799700655706073,"Name":"Aston Villa","Status":1,"StartPrice":"1.0","Price":"126.0","ProviderBetId":"0","LastUpdate":"2020-10-13T20:38:29.3679042Z","PriceUK":"125/1","ParticipantId":18},{"Id":16603487295706073,"Name":"Newcastle United","Status":1,"StartPrice":"1.0","Price":"626.0","ProviderBetId":"0","LastUpdate":"2020-10-13T20:38:29.3678673Z","PriceUK":"625/1","ParticipantId":8},{"Id":13706159135706073,"Name":"Sheffield  United","Status":1,"StartPrice":"1.0","Price":"626.0","ProviderBetId":"0","LastUpdate":"2020-10-13T20:38:29.3679108Z","PriceUK":"625/1","ParticipantId":991},{"Id":1617685075706073,"Name":"Brighton And Hove Albion","Status":1,"StartPrice":"1.0","Price":"501.0","ProviderBetId":"0","LastUpdate":"2020-10-13T20:38:29.3678435Z","PriceUK":"500/1","ParticipantId":1002},{"Id":7169494945706073,"Name":"Arsenal","Status":1,"StartPrice":"1.0","Price":"23.5","ProviderBetId":"0","LastUpdate":"2020-10-13T20:38:29.3679075Z","PriceUK":"45/2","ParticipantId":3},{"Id":16742333335706073,"Name":"Manchester United","Status":1,"StartPrice":"1.0","Price":"41.0","ProviderBetId":"0","LastUpdate":"2020-10-13T20:38:29.3678924Z","PriceUK":"40/1","ParticipantId":22}]}]}]}]}}}