{"Header":{"Type":40,"MsgSeq":1572,"MsgGuid":"8a42c9d2-de5a-4546-951b-8edd5b42b835","CreationDate":"2020-10-06T05:33:08.9007637Z","ServerTimestamp":1601962388900},"Body":{"Competition":{"Id":67,"Name":"Premier League","Type":3,"Competitions":[{"Id":2024,"Name":"2020/2021","Type":4,"Events":[{"FixtureId":5706073,"Livescore":null,"Markets":[{"Id":274,"Name":"Outright Winner","Bets":[{"Id":4845586815706073,"Name":"Tottenham Hotspur","Status":1,"StartPrice":"1.0","Price":"17.0","ProviderBetId":"0","LastUpdate":"2020-10-06T05:33:08.9004253Z","PriceUK":"16/1","ParticipantId":21}]}]}]}]}}}