{"Header":{"Type":40,"MsgSeq":1736,"MsgGuid":"8da7852e-b6a0-4557-8562-fffeae195af1","CreationDate":"2020-10-07T12:40:10.7002003Z","ServerTimestamp":1602074410700},"Body":{"Competition":{"Id":67,"Name":"Premier League","Type":3,"Competitions":[{"Id":2024,"Name":"2020/2021","Type":4,"Events":[{"FixtureId":5706073,"Livescore":null,"Markets":[{"Id":274,"Name":"Outright Winner","Bets":[{"Id":399683915706073,"Name":"Burnley","Status":1,"StartPrice":"1.0","Price":"501.0","ProviderBetId":"0","LastUpdate":"2020-10-07T12:40:10.6994271Z","PriceUK":"500/1","ParticipantId":978},{"Id":3545621865706073,"Name":"Liverpool","Status":1,"StartPrice":"1.0","Price":"2.238","ProviderBetId":"0","LastUpdate":"2020-10-07T12:40:10.6993976Z","PriceUK":"99/80","ParticipantId":19},{"Id":20340107205706073,"Name":"Leeds United","Status":1,"StartPrice":"1.0","Price":"113.5","ProviderBetId":"0","LastUpdate":"2020-10-07T12:40:10.6994237Z","PriceUK":"225/2","ParticipantId":6},{"Id":4845586815706073,"Name":"Tottenham Hotspur","Status":1,"StartPrice":"1.0","Price":"18.5","ProviderBetId":"0","LastUpdate":"2020-10-07T12:40:10.6994484Z","PriceUK":"35/2","ParticipantId":21},{"Id":14579978075706073,"Name":"Everton","Status":1,"StartPrice":"1.0","Price":"20.5","ProviderBetId":"0","LastUpdate":"2020-10-07T12:40:10.6994047Z","PriceUK":"39/2","ParticipantId":12},{"Id":13677627015706073,"Name":"Chelsea","Status":1,"StartPrice":"1.0","Price":"14.5","ProviderBetId":"0","LastUpdate":"2020-10-07T12:40:10.6994202Z","PriceUK":"27/2","ParticipantId":4},{"Id":12089945335706073,"Name":"Wolverhampton Wanderers","Status":1,"StartPrice":"1.0","Price":"288.5","ProviderBetId":"0","LastUpdate":"2020-10-07T12:40:10.6993778Z","PriceUK":"575/2","ParticipantId":998},{"Id":630077325706073,"Name":"West Ham United","Status":1,"StartPrice":"1.0","Price":"388.5","ProviderBetId":"0","LastUpdate":"2020-10-07T12:40:10.6994338Z","PriceUK":"775/2","ParticipantId":11},{"Id":13597867025706073,"Name":"Southampton","Status":1,"StartPrice":"1.0","Price":"401.0","ProviderBetId":"0","LastUpdate":"2020-10-07T12:40:10.6994012Z","PriceUK":"400/1","ParticipantId":15},{"Id":19814302495706073,"Name":"Manchester City","Status":1,"StartPrice":"1.0","Price":"2.45","ProviderBetId":"0","LastUpdate":"2020-10-07T12:40:10.699445Z","PriceUK":"29/20","ParticipantId":984},{"Id":883119035706073,"Name":"Leicester City","Status":1,"StartPrice":"1.0","Price":"56.0","ProviderBetId":"0","LastUpdate":"2020-10-07T12:40:10.6994119Z","PriceUK":"55/1","ParticipantId":13},{"Id":4663552445706073,"Name":"Crystal Palace","Status":1,"StartPrice":"1.0","Price":"501.0","ProviderBetId":"0","LastUpdate":"2020-10-07T12:40:10.6994304Z","PriceUK":"500/1","ParticipantId":981},{"Id":1799700655706073,"Name":"Aston Villa","Status":1,"StartPrice":"1.0","Price":"126.0","ProviderBetId":"0","LastUpdate":"2020-10-07T12:40:10.6995495Z","PriceUK":"125/1","ParticipantId":18},{"Id":16603487295706073,"Name":"Newcastle United","Status":1,"StartPrice":"1.0","Price":"626.0","ProviderBetId":"0","LastUpdate":"2020-10-07T12:40:10.6994168Z","PriceUK":"625/1","ParticipantId":8},{"Id":13706159135706073,"Name":"Sheffield  United","Status":1,"StartPrice":"1.0","Price":"626.0","ProviderBetId":"0","LastUpdate":"2020-10-07T12:40:10.6995583Z","PriceUK":"625/1","ParticipantId":991},{"Id":1617685075706073,"Name":"Brighton And Hove Albion","Status":1,"StartPrice":"1.0","Price":"501.0","ProviderBetId":"0","LastUpdate":"2020-10-07T12:40:10.6993938Z","PriceUK":"500/1","ParticipantId":1002},{"Id":7169494945706073,"Name":"Arsenal","Status":1,"StartPrice":"1.0","Price":"24.5","ProviderBetId":"0","LastUpdate":"2020-10-07T12:40:10.6995549Z","PriceUK":"47/2","ParticipantId":3},{"Id":16742333335706073,"Name":"Manchester United","Status":1,"StartPrice":"1.0","Price":"48.5","ProviderBetId":"0","LastUpdate":"2020-10-07T12:40:10.6994416Z","PriceUK":"95/2","ParticipantId":22}]}]}]}]}}}