{"Header":{"Type":40,"MsgSeq":116,"MsgGuid":"8a764b71-94ac-443f-85a7-81e1861b3f85","CreationDate":"2020-10-06T19:27:09.2936688Z","ServerTimestamp":1602012429293},"Body":{"Competition":{"Id":67,"Name":"Premier League","Type":3,"Competitions":[{"Id":2024,"Name":"2020/2021","Type":4,"Events":[{"FixtureId":5706073,"Livescore":null,"Markets":[{"Id":588,"Name":"To Finish Bottom","Bets":[{"Id":11211231075706073,"Name":"Newcastle United","Status":2,"StartPrice":"1.0","Price":"17.0","ProviderBetId":"8","LastUpdate":"2020-10-06T18:53:48.1422508Z","PriceUK":"16/1","ParticipantId":8},{"Id":16852918155706073,"Name":"Wolverhampton Wanderers","Status":2,"StartPrice":"1.0","Price":"151.0","ProviderBetId":"8","LastUpdate":"2020-10-06T18:53:48.1422046Z","PriceUK":"150/1","ParticipantId":998},{"Id":9858613515706073,"Name":"Brighton And Hove Albion","Status":2,"StartPrice":"1.0","Price":"26.0","ProviderBetId":"8","LastUpdate":"2020-10-06T18:53:48.1422336Z","PriceUK":"25/1","ParticipantId":1002},{"Id":16110049595706073,"Name":"Fulham","Status":2,"StartPrice":"1.0","Price":"2.375","ProviderBetId":"8","LastUpdate":"2020-10-06T18:53:48.1422465Z","PriceUK":"11/8","ParticipantId":17},{"Id":11274197005706073,"Name":"Southampton","Status":2,"StartPrice":"1.0","Price":"41.0","ProviderBetId":"8","LastUpdate":"2020-10-06T18:53:48.14224Z","PriceUK":"40/1","ParticipantId":15},{"Id":21113852635706073,"Name":"West Bromwich Albion","Status":2,"StartPrice":"1.0","Price":"3.75","ProviderBetId":"8","LastUpdate":"2020-10-06T18:53:48.1422259Z","PriceUK":"11/4","ParticipantId":996},{"Id":2030384785706073,"Name":"Crystal Palace","Status":2,"StartPrice":"1.0","Price":"26.0","ProviderBetId":"8","LastUpdate":"2020-10-06T18:53:48.1422155Z","PriceUK":"25/1","ParticipantId":981},{"Id":8956206175706073,"Name":"Leicester City","Status":2,"StartPrice":"1.0","Price":"501.0","ProviderBetId":"8","LastUpdate":"2020-10-06T18:53:48.1422778Z","PriceUK":"500/1","ParticipantId":13},{"Id":2597349735706073,"Name":"Burnley","Status":2,"StartPrice":"1.0","Price":"7.0","ProviderBetId":"8","LastUpdate":"2020-10-06T18:53:48.1422636Z","PriceUK":"6/1","ParticipantId":978},{"Id":14628434075706073,"Name":"Everton","Status":2,"StartPrice":"1.0","Price":"501.0","ProviderBetId":"8","LastUpdate":"2020-10-06T18:53:48.1422571Z","PriceUK":"500/1","ParticipantId":12},{"Id":16545646225706073,"Name":"West Ham United","Status":2,"StartPrice":"1.0","Price":"26.0","ProviderBetId":"8","LastUpdate":"2020-10-06T18:53:48.1422713Z","PriceUK":"25/1","ParticipantId":11},{"Id":5706498255706073,"Name":"Sheffield  United","Status":2,"StartPrice":"1.0","Price":"8.0","ProviderBetId":"8","LastUpdate":"2020-10-06T18:53:48.1422367Z","PriceUK":"7/1","ParticipantId":991},{"Id":21181284635706073,"Name":"Aston Villa","Status":2,"StartPrice":"1.0","Price":"51.0","ProviderBetId":"8","LastUpdate":"2020-10-06T18:53:48.1422433Z","PriceUK":"50/1","ParticipantId":18},{"Id":18365804265706073,"Name":"Leeds United","Status":2,"StartPrice":"1.0","Price":"67.0","ProviderBetId":"8","LastUpdate":"2020-10-06T18:53:48.1422746Z","PriceUK":"66/1","ParticipantId":6}]}]}]}]}}}