{"Header":{"Type":40,"MsgSeq":2611,"MsgGuid":"4362a343-faa9-4417-b88d-6c773d79c40b","CreationDate":"2020-10-13T15:20:57.7245471Z","ServerTimestamp":1602602457724},"Body":{"Competition":{"Id":67,"Name":"Premier League","Type":3,"Competitions":[{"Id":2024,"Name":"2020/2021","Type":4,"Events":[{"FixtureId":5706073,"Livescore":null,"Markets":[{"Id":590,"Name":"To Be Relegated","Bets":[{"Id":19129830725706073,"Name":"Tottenham Hotspur","Status":1,"StartPrice":"1.0","Price":"101.0","ProviderBetId":"8","LastUpdate":"2020-10-13T15:20:57.723732Z","PriceUK":"100/1","ParticipantId":21},{"Id":11468702505706073,"Name":"Newcastle United","Status":1,"StartPrice":"1.0","Price":"4.333","ProviderBetId":"8","LastUpdate":"2020-10-13T15:20:57.723786Z","PriceUK":"10/3","ParticipantId":8},{"Id":18191803705706073,"Name":"Everton","Status":1,"StartPrice":"1.0","Price":"151.0","ProviderBetId":"8","LastUpdate":"2020-10-13T15:20:57.7237648Z","PriceUK":"150/1","ParticipantId":12},{"Id":20841778045706073,"Name":"Fulham","Status":1,"StartPrice":"1.0","Price":"1.3","ProviderBetId":"8","LastUpdate":"2020-10-13T15:20:57.7236863Z","PriceUK":"3/10","ParticipantId":17},{"Id":8868765065706073,"Name":"Brighton And Hove Albion","Status":1,"StartPrice":"1.0","Price":"6.0","ProviderBetId":"8","LastUpdate":"2020-10-13T15:20:57.7237174Z","PriceUK":"5/1","ParticipantId":1002},{"Id":21200066545706073,"Name":"Aston Villa","Status":1,"StartPrice":"1.0","Price":"9.0","ProviderBetId":"8","LastUpdate":"2020-10-13T15:20:57.7237271Z","PriceUK":"8/1","ParticipantId":18},{"Id":20647705865706073,"Name":"Wolverhampton Wanderers","Status":1,"StartPrice":"1.0","Price":"41.0","ProviderBetId":"8","LastUpdate":"2020-10-13T15:20:57.7237604Z","PriceUK":"40/1","ParticipantId":998},{"Id":17451325825706073,"Name":"Manchester United","Status":1,"StartPrice":"1.0","Price":"101.0","ProviderBetId":"8","LastUpdate":"2020-10-13T15:20:57.7237906Z","PriceUK":"100/1","ParticipantId":22},{"Id":13368252695706073,"Name":"West Ham United","Status":1,"StartPrice":"1.0","Price":"6.0","ProviderBetId":"8","LastUpdate":"2020-10-13T15:20:57.7237472Z","PriceUK":"5/1","ParticipantId":11},{"Id":14153643795706073,"Name":"Arsenal","Status":1,"StartPrice":"1.0","Price":"501.0","ProviderBetId":"8","LastUpdate":"2020-10-13T15:20:57.7237093Z","PriceUK":"500/1","ParticipantId":3},{"Id":16104437805706073,"Name":"West Bromwich Albion","Status":1,"StartPrice":"1.0","Price":"1.5","ProviderBetId":"8","LastUpdate":"2020-10-13T15:20:57.7237947Z","PriceUK":"1/2","ParticipantId":996},{"Id":9651226825706073,"Name":"Burnley","Status":1,"StartPrice":"1.0","Price":"2.5","ProviderBetId":"8","LastUpdate":"2020-10-13T15:20:57.7237408Z","PriceUK":"3/2","ParticipantId":978},{"Id":7414420635706073,"Name":"Southampton","Status":1,"StartPrice":"1.0","Price":"11.0","ProviderBetId":"8","LastUpdate":"2020-10-13T15:20:57.7237515Z","PriceUK":"10/1","ParticipantId":15},{"Id":16271355405706073,"Name":"Sheffield  United","Status":1,"StartPrice":"1.0","Price":"2.625","ProviderBetId":"8","LastUpdate":"2020-10-13T15:20:57.723756Z","PriceUK":"13/8","ParticipantId":991},{"Id":6447723145706073,"Name":"Leicester City","Status":1,"StartPrice":"1.0","Price":"101.0","ProviderBetId":"8","LastUpdate":"2020-10-13T15:20:57.7237698Z","PriceUK":"100/1","ParticipantId":13},{"Id":3339106535706073,"Name":"Leeds United","Status":1,"StartPrice":"1.0","Price":"13.0","ProviderBetId":"8","LastUpdate":"2020-10-13T15:20:57.7237813Z","PriceUK":"12/1","ParticipantId":6},{"Id":20861389595706073,"Name":"Crystal Palace","Status":1,"StartPrice":"1.0","Price":"6.0","ProviderBetId":"8","LastUpdate":"2020-10-13T15:20:57.7237995Z","PriceUK":"5/1","ParticipantId":981}]}]}]}]}}}