{"Header":{"Type":40,"MsgSeq":2597,"MsgGuid":"3be29383-88fb-44d2-b033-fba0245c3170","CreationDate":"2020-10-13T18:32:45.4692059Z","ServerTimestamp":1602613965469},"Body":{"Competition":{"Id":67,"Name":"Premier League","Type":3,"Competitions":[{"Id":2024,"Name":"2020/2021","Type":4,"Events":[{"FixtureId":5706073,"Livescore":null,"Markets":[{"Id":588,"Name":"To Finish Bottom","Bets":[{"Id":11211231075706073,"Name":"Newcastle United","Status":1,"StartPrice":"1.0","Price":"17.0","ProviderBetId":"8","LastUpdate":"2020-10-13T18:32:45.4687318Z","PriceUK":"16/1","ParticipantId":8},{"Id":16852918155706073,"Name":"Wolverhampton Wanderers","Status":1,"StartPrice":"1.0","Price":"151.0","ProviderBetId":"8","LastUpdate":"2020-10-13T18:32:45.4686661Z","PriceUK":"150/1","ParticipantId":998},{"Id":9858613515706073,"Name":"Brighton And Hove Albion","Status":1,"StartPrice":"1.0","Price":"26.0","ProviderBetId":"8","LastUpdate":"2020-10-13T18:32:45.46871Z","PriceUK":"25/1","ParticipantId":1002},{"Id":16110049595706073,"Name":"Fulham","Status":1,"StartPrice":"1.0","Price":"2.375","ProviderBetId":"8","LastUpdate":"2020-10-13T18:32:45.468728Z","PriceUK":"11/8","ParticipantId":17},{"Id":11274197005706073,"Name":"Southampton","Status":1,"StartPrice":"1.0","Price":"41.0","ProviderBetId":"8","LastUpdate":"2020-10-13T18:32:45.4687192Z","PriceUK":"40/1","ParticipantId":15},{"Id":21113852635706073,"Name":"West Bromwich Albion","Status":1,"StartPrice":"1.0","Price":"3.75","ProviderBetId":"8","LastUpdate":"2020-10-13T18:32:45.4686963Z","PriceUK":"11/4","ParticipantId":996},{"Id":2030384785706073,"Name":"Crystal Palace","Status":1,"StartPrice":"1.0","Price":"26.0","ProviderBetId":"8","LastUpdate":"2020-10-13T18:32:45.4686813Z","PriceUK":"25/1","ParticipantId":981},{"Id":8956206175706073,"Name":"Leicester City","Status":1,"StartPrice":"1.0","Price":"501.0","ProviderBetId":"8","LastUpdate":"2020-10-13T18:32:45.4687601Z","PriceUK":"500/1","ParticipantId":13},{"Id":2597349735706073,"Name":"Burnley","Status":1,"StartPrice":"1.0","Price":"7.0","ProviderBetId":"8","LastUpdate":"2020-10-13T18:32:45.4687462Z","PriceUK":"6/1","ParticipantId":978},{"Id":14628434075706073,"Name":"Everton","Status":1,"StartPrice":"1.0","Price":"501.0","ProviderBetId":"8","LastUpdate":"2020-10-13T18:32:45.4687399Z","PriceUK":"500/1","ParticipantId":12},{"Id":16545646225706073,"Name":"West Ham United","Status":1,"StartPrice":"1.0","Price":"26.0","ProviderBetId":"8","LastUpdate":"2020-10-13T18:32:45.4687527Z","PriceUK":"25/1","ParticipantId":11},{"Id":5706498255706073,"Name":"Sheffield  United","Status":1,"StartPrice":"1.0","Price":"8.0","ProviderBetId":"8","LastUpdate":"2020-10-13T18:32:45.4687145Z","PriceUK":"7/1","ParticipantId":991},{"Id":21181284635706073,"Name":"Aston Villa","Status":1,"StartPrice":"1.0","Price":"51.0","ProviderBetId":"8","LastUpdate":"2020-10-13T18:32:45.4687239Z","PriceUK":"50/1","ParticipantId":18},{"Id":18365804265706073,"Name":"Leeds United","Status":1,"StartPrice":"1.0","Price":"67.0","ProviderBetId":"8","LastUpdate":"2020-10-13T18:32:45.4687559Z","PriceUK":"66/1","ParticipantId":6}]}]}]}]}}}