{"Header":{"Type":40,"MsgSeq":206,"MsgGuid":"2da71e4a-22b3-4c57-b77d-5478f50aa787","CreationDate":"2020-10-07T14:24:41.077342Z","ServerTimestamp":1602080681077},"Body":{"Competition":{"Id":67,"Name":"Premier League","Type":3,"Competitions":[{"Id":2024,"Name":"2020/2021","Type":4,"Events":[{"FixtureId":5706073,"Livescore":null,"Markets":[{"Id":589,"Name":"Not To Finish In Top 4","Bets":[{"Id":858492915706073,"Name":"Southampton","Status":1,"StartPrice":"1.0","Price":"1.002","ProviderBetId":"8","LastUpdate":"2020-10-07T14:24:41.0769377Z","PriceUK":"1/21","ParticipantId":15},{"Id":7506854965706073,"Name":"Brighton And Hove Albion","Status":1,"StartPrice":"1.0","Price":"1.001","ProviderBetId":"8","LastUpdate":"2020-10-07T14:24:41.0769144Z","PriceUK":"1/21","ParticipantId":1002},{"Id":16148219925706073,"Name":"Wolverhampton Wanderers","Status":1,"StartPrice":"1.0","Price":"1.063","ProviderBetId":"8","LastUpdate":"2020-10-07T14:24:41.076949Z","PriceUK":"1/16","ParticipantId":998},{"Id":2898272395706073,"Name":"Liverpool","Status":1,"StartPrice":"1.0","Price":"10.0","ProviderBetId":"8","LastUpdate":"2020-10-07T14:24:41.0769414Z","PriceUK":"9/1","ParticipantId":19},{"Id":18308394905706073,"Name":"Sheffield  United","Status":1,"StartPrice":"1.0","Price":"1.001","ProviderBetId":"8","LastUpdate":"2020-10-07T14:24:41.0769647Z","PriceUK":"1/21","ParticipantId":991},{"Id":20021885145706073,"Name":"Tottenham Hotspur","Status":1,"StartPrice":"1.0","Price":"1.5","ProviderBetId":"8","LastUpdate":"2020-10-07T14:24:41.0769682Z","PriceUK":"1/2","ParticipantId":21},{"Id":14639575205706073,"Name":"Everton","Status":1,"StartPrice":"1.0","Price":"1.333","ProviderBetId":"8","LastUpdate":"2020-10-07T14:24:41.0769525Z","PriceUK":"18/55","ParticipantId":12},{"Id":2610625245706073,"Name":"Burnley","Status":1,"StartPrice":"1.0","Price":"1.001","ProviderBetId":"8","LastUpdate":"2020-10-07T14:24:41.0769717Z","PriceUK":"1/21","ParticipantId":978},{"Id":2374087005706073,"Name":"Chelsea","Status":1,"StartPrice":"1.0","Price":"2.625","ProviderBetId":"8","LastUpdate":"2020-10-07T14:24:41.0769752Z","PriceUK":"13/8","ParticipantId":4},{"Id":12607212395706073,"Name":"Leeds United","Status":1,"StartPrice":"1.0","Price":"1.015","ProviderBetId":"8","LastUpdate":"2020-10-07T14:24:41.07698Z","PriceUK":"1/21","ParticipantId":6},{"Id":3931454585706073,"Name":"West Bromwich Albion","Status":1,"StartPrice":"1.0","Price":"1.001","ProviderBetId":"8","LastUpdate":"2020-10-07T14:24:41.0769836Z","PriceUK":"1/21","ParticipantId":996},{"Id":7941489165706073,"Name":"Manchester City","Status":1,"StartPrice":"1.0","Price":"9.0","ProviderBetId":"8","LastUpdate":"2020-10-07T14:24:41.0769336Z","PriceUK":"8/1","ParticipantId":984},{"Id":10404088175706073,"Name":"West Ham United","Status":1,"StartPrice":"1.0","Price":"1.001","ProviderBetId":"8","LastUpdate":"2020-10-07T14:24:41.0769281Z","PriceUK":"1/21","ParticipantId":11},{"Id":4960603115706073,"Name":"Arsenal","Status":1,"StartPrice":"1.0","Price":"1.4","ProviderBetId":"8","LastUpdate":"2020-10-07T14:24:41.0769573Z","PriceUK":"2/5","ParticipantId":3},{"Id":17571139925706073,"Name":"Leicester City","Status":1,"StartPrice":"1.0","Price":"1.143","ProviderBetId":"8","LastUpdate":"2020-10-07T14:24:41.0769943Z","PriceUK":"15/104","ParticipantId":13},{"Id":16212063965706073,"Name":"Newcastle United","Status":1,"StartPrice":"1.0","Price":"1.001","ProviderBetId":"8","LastUpdate":"2020-10-07T14:24:41.0769979Z","PriceUK":"1/21","ParticipantId":8},{"Id":16096775985706073,"Name":"Fulham","Status":1,"StartPrice":"1.0","Price":"1.001","ProviderBetId":"8","LastUpdate":"2020-10-07T14:24:41.0769909Z","PriceUK":"1/21","ParticipantId":17},{"Id":18433265045706073,"Name":"Manchester United","Status":1,"StartPrice":"1.0","Price":"1.333","ProviderBetId":"8","LastUpdate":"2020-10-07T14:24:41.0769872Z","PriceUK":"18/55","ParticipantId":22},{"Id":18028211335706073,"Name":"Crystal Palace","Status":1,"StartPrice":"1.0","Price":"1.001","ProviderBetId":"8","LastUpdate":"2020-10-07T14:24:41.0769611Z","PriceUK":"1/21","ParticipantId":981},{"Id":9613480165706073,"Name":"Aston Villa","Status":1,"StartPrice":"1.0","Price":"1.005","ProviderBetId":"8","LastUpdate":"2020-10-07T14:24:41.0769453Z","PriceUK":"1/21","ParticipantId":18}]}]}]}]}}}