{"Header":{"Type":40,"MsgSeq":1540,"MsgGuid":"937145c2-acad-4e30-81cb-5666411b6bdf","CreationDate":"2020-10-03T15:47:45.3895752Z","ServerTimestamp":1601740065389},"Body":{"Competition":{"Id":67,"Name":"Premier League","Type":3,"Competitions":[{"Id":2024,"Name":"2020/2021","Type":4,"Events":[{"FixtureId":5706073,"Livescore":null,"Markets":[{"Id":274,"Name":"Outright Winner","Bets":[{"Id":399683915706073,"Name":"Burnley","Status":1,"StartPrice":"1.0","Price":"501.0","ProviderBetId":"0","LastUpdate":"2020-10-03T15:47:45.3889347Z","PriceUK":"500/1","ParticipantId":978},{"Id":3545621865706073,"Name":"Liverpool","Status":1,"StartPrice":"1.0","Price":"1.833","ProviderBetId":"0","LastUpdate":"2020-10-03T15:47:45.3889038Z","PriceUK":"5/6","ParticipantId":19},{"Id":20340107205706073,"Name":"Leeds United","Status":1,"StartPrice":"1.0","Price":"126.0","ProviderBetId":"0","LastUpdate":"2020-10-03T15:47:45.3889304Z","PriceUK":"125/1","ParticipantId":6},{"Id":4845586815706073,"Name":"Tottenham Hotspur","Status":1,"StartPrice":"1.0","Price":"56.0","ProviderBetId":"0","LastUpdate":"2020-10-03T15:47:45.3889549Z","PriceUK":"55/1","ParticipantId":21},{"Id":14579978075706073,"Name":"Everton","Status":1,"StartPrice":"1.0","Price":"38.5","ProviderBetId":"0","LastUpdate":"2020-10-03T15:47:45.3889125Z","PriceUK":"75/2","ParticipantId":12},{"Id":13677627015706073,"Name":"Chelsea","Status":1,"StartPrice":"1.0","Price":"24.5","ProviderBetId":"0","LastUpdate":"2020-10-03T15:47:45.3889268Z","PriceUK":"47/2","ParticipantId":4},{"Id":12089945335706073,"Name":"Wolverhampton Wanderers","Status":1,"StartPrice":"1.0","Price":"351.0","ProviderBetId":"0","LastUpdate":"2020-10-03T15:47:45.3888884Z","PriceUK":"350/1","ParticipantId":998},{"Id":630077325706073,"Name":"West Ham United","Status":1,"StartPrice":"1.0","Price":"501.0","ProviderBetId":"0","LastUpdate":"2020-10-03T15:47:45.3889415Z","PriceUK":"500/1","ParticipantId":11},{"Id":13597867025706073,"Name":"Southampton","Status":1,"StartPrice":"1.0","Price":"501.0","ProviderBetId":"0","LastUpdate":"2020-10-03T15:47:45.3889078Z","PriceUK":"500/1","ParticipantId":15},{"Id":19814302495706073,"Name":"Manchester City","Status":1,"StartPrice":"1.0","Price":"2.5","ProviderBetId":"0","LastUpdate":"2020-10-03T15:47:45.3889515Z","PriceUK":"3/2","ParticipantId":984},{"Id":883119035706073,"Name":"Leicester City","Status":1,"StartPrice":"1.0","Price":"38.5","ProviderBetId":"0","LastUpdate":"2020-10-03T15:47:45.38892Z","PriceUK":"75/2","ParticipantId":13},{"Id":4663552445706073,"Name":"Crystal Palace","Status":1,"StartPrice":"1.0","Price":"501.0","ProviderBetId":"0","LastUpdate":"2020-10-03T15:47:45.3889381Z","PriceUK":"500/1","ParticipantId":981},{"Id":1799700655706073,"Name":"Aston Villa","Status":1,"StartPrice":"1.0","Price":"626.0","ProviderBetId":"0","LastUpdate":"2020-10-03T15:47:45.3889593Z","PriceUK":"625/1","ParticipantId":18},{"Id":16603487295706073,"Name":"Newcastle United","Status":1,"StartPrice":"1.0","Price":"626.0","ProviderBetId":"0","LastUpdate":"2020-10-03T15:47:45.3889234Z","PriceUK":"625/1","ParticipantId":8},{"Id":13706159135706073,"Name":"Sheffield  United","Status":1,"StartPrice":"1.0","Price":"501.0","ProviderBetId":"0","LastUpdate":"2020-10-03T15:47:45.3889666Z","PriceUK":"500/1","ParticipantId":991},{"Id":1617685075706073,"Name":"Brighton And Hove Albion","Status":1,"StartPrice":"1.0","Price":"501.0","ProviderBetId":"0","LastUpdate":"2020-10-03T15:47:45.3888995Z","PriceUK":"500/1","ParticipantId":1002},{"Id":7169494945706073,"Name":"Arsenal","Status":1,"StartPrice":"1.0","Price":"34.0","ProviderBetId":"0","LastUpdate":"2020-10-03T15:47:45.3889626Z","PriceUK":"33/1","ParticipantId":3},{"Id":16742333335706073,"Name":"Manchester United","Status":1,"StartPrice":"1.0","Price":"35.0","ProviderBetId":"0","LastUpdate":"2020-10-03T15:47:45.3889482Z","PriceUK":"34/1","ParticipantId":22}]}]}]}]}}}