{"Header":{"Type":40,"MsgSeq":1546,"MsgGuid":"e38c6b8e-f4a3-4bc4-89ff-c8cdf887f441","CreationDate":"2020-10-04T11:00:47.8134723Z","ServerTimestamp":1601809247813},"Body":{"Competition":{"Id":67,"Name":"Premier League","Type":3,"Competitions":[{"Id":2024,"Name":"2020/2021","Type":4,"Events":[{"FixtureId":5706073,"Livescore":null,"Markets":[{"Id":274,"Name":"Outright Winner","Bets":[{"Id":399683915706073,"Name":"Burnley","Status":2,"StartPrice":"1.0","Price":"501.0","ProviderBetId":"71","LastUpdate":"2020-10-04T11:00:47.8130002Z","PriceUK":"500/1","ParticipantId":978},{"Id":3545621865706073,"Name":"Liverpool","Status":2,"StartPrice":"1.0","Price":"1.671","ProviderBetId":"71","LastUpdate":"2020-10-04T11:00:47.8129612Z","PriceUK":"37/55","ParticipantId":19},{"Id":20340107205706073,"Name":"Leeds United","Status":2,"StartPrice":"1.0","Price":"213.5","ProviderBetId":"71","LastUpdate":"2020-10-04T11:00:47.8129969Z","PriceUK":"425/2","ParticipantId":6},{"Id":4845586815706073,"Name":"Tottenham Hotspur","Status":2,"StartPrice":"1.0","Price":"51.0","ProviderBetId":"71","LastUpdate":"2020-10-04T11:00:47.8130218Z","PriceUK":"50/1","ParticipantId":21},{"Id":14579978075706073,"Name":"Everton","Status":2,"StartPrice":"1.0","Price":"24.5","ProviderBetId":"71","LastUpdate":"2020-10-04T11:00:47.8129696Z","PriceUK":"47/2","ParticipantId":12},{"Id":13677627015706073,"Name":"Chelsea","Status":2,"StartPrice":"1.0","Price":"21.0","ProviderBetId":"71","LastUpdate":"2020-10-04T11:00:47.8129934Z","PriceUK":"20/1","ParticipantId":4},{"Id":12089945335706073,"Name":"Wolverhampton Wanderers","Status":2,"StartPrice":"1.0","Price":"351.0","ProviderBetId":"71","LastUpdate":"2020-10-04T11:00:47.8129462Z","PriceUK":"350/1","ParticipantId":998},{"Id":630077325706073,"Name":"West Ham United","Status":2,"StartPrice":"1.0","Price":"501.0","ProviderBetId":"71","LastUpdate":"2020-10-04T11:00:47.8130077Z","PriceUK":"500/1","ParticipantId":11},{"Id":13597867025706073,"Name":"Southampton","Status":2,"StartPrice":"1.0","Price":"501.0","ProviderBetId":"71","LastUpdate":"2020-10-04T11:00:47.812965Z","PriceUK":"500/1","ParticipantId":15},{"Id":19814302495706073,"Name":"Manchester City","Status":2,"StartPrice":"1.0","Price":"3.05","ProviderBetId":"71","LastUpdate":"2020-10-04T11:00:47.8130185Z","PriceUK":"41/20","ParticipantId":984},{"Id":883119035706073,"Name":"Leicester City","Status":2,"StartPrice":"1.0","Price":"34.0","ProviderBetId":"71","LastUpdate":"2020-10-04T11:00:47.8129866Z","PriceUK":"33/1","ParticipantId":13},{"Id":4663552445706073,"Name":"Crystal Palace","Status":2,"StartPrice":"1.0","Price":"501.0","ProviderBetId":"71","LastUpdate":"2020-10-04T11:00:47.8130044Z","PriceUK":"500/1","ParticipantId":981},{"Id":1799700655706073,"Name":"Aston Villa","Status":2,"StartPrice":"1.0","Price":"626.0","ProviderBetId":"71","LastUpdate":"2020-10-04T11:00:47.8130265Z","PriceUK":"625/1","ParticipantId":18},{"Id":16603487295706073,"Name":"Newcastle United","Status":2,"StartPrice":"1.0","Price":"626.0","ProviderBetId":"71","LastUpdate":"2020-10-04T11:00:47.8129901Z","PriceUK":"625/1","ParticipantId":8},{"Id":13706159135706073,"Name":"Sheffield  United","Status":2,"StartPrice":"1.0","Price":"501.0","ProviderBetId":"71","LastUpdate":"2020-10-04T11:00:47.8130328Z","PriceUK":"500/1","ParticipantId":991},{"Id":1617685075706073,"Name":"Brighton And Hove Albion","Status":2,"StartPrice":"1.0","Price":"501.0","ProviderBetId":"71","LastUpdate":"2020-10-04T11:00:47.812957Z","PriceUK":"500/1","ParticipantId":1002},{"Id":7169494945706073,"Name":"Arsenal","Status":2,"StartPrice":"1.0","Price":"42.5","ProviderBetId":"71","LastUpdate":"2020-10-04T11:00:47.8130297Z","PriceUK":"83/2","ParticipantId":3},{"Id":16742333335706073,"Name":"Manchester United","Status":2,"StartPrice":"1.0","Price":"32.5","ProviderBetId":"71","LastUpdate":"2020-10-04T11:00:47.8130141Z","PriceUK":"63/2","ParticipantId":22}]}]}]}]}}}