{"Header":{"Type":40,"MsgSeq":294,"MsgGuid":"48fb14e5-33c3-456c-848f-2c8b1c1b0a2f","CreationDate":"2020-10-08T05:34:47.2008154Z","ServerTimestamp":1602135287200},"Body":{"Competition":{"Id":67,"Name":"Premier League","Type":3,"Competitions":[{"Id":2024,"Name":"2020/2021","Type":4,"Events":[{"FixtureId":5706073,"Livescore":null,"Markets":[{"Id":589,"Name":"Not To Finish In Top 4","Bets":[{"Id":858492915706073,"Name":"Southampton","Status":1,"StartPrice":"1.0","Price":"1.002","ProviderBetId":"8","LastUpdate":"2020-10-08T05:34:47.198932Z","PriceUK":"1/21","ParticipantId":15},{"Id":7506854965706073,"Name":"Brighton And Hove Albion","Status":1,"StartPrice":"1.0","Price":"1.001","ProviderBetId":"8","LastUpdate":"2020-10-08T05:34:47.1989031Z","PriceUK":"1/21","ParticipantId":1002},{"Id":16148219925706073,"Name":"Wolverhampton Wanderers","Status":1,"StartPrice":"1.0","Price":"1.063","ProviderBetId":"8","LastUpdate":"2020-10-08T05:34:47.1989454Z","PriceUK":"1/16","ParticipantId":998},{"Id":2898272395706073,"Name":"Liverpool","Status":1,"StartPrice":"1.0","Price":"10.0","ProviderBetId":"8","LastUpdate":"2020-10-08T05:34:47.1989364Z","PriceUK":"9/1","ParticipantId":19},{"Id":18308394905706073,"Name":"Sheffield  United","Status":1,"StartPrice":"1.0","Price":"1.001","ProviderBetId":"8","LastUpdate":"2020-10-08T05:34:47.1989657Z","PriceUK":"1/21","ParticipantId":991},{"Id":20021885145706073,"Name":"Tottenham Hotspur","Status":1,"StartPrice":"1.0","Price":"1.5","ProviderBetId":"8","LastUpdate":"2020-10-08T05:34:47.1989701Z","PriceUK":"1/2","ParticipantId":21},{"Id":14639575205706073,"Name":"Everton","Status":1,"StartPrice":"1.0","Price":"1.333","ProviderBetId":"8","LastUpdate":"2020-10-08T05:34:47.1989502Z","PriceUK":"18/55","ParticipantId":12},{"Id":2610625245706073,"Name":"Burnley","Status":1,"StartPrice":"1.0","Price":"1.001","ProviderBetId":"8","LastUpdate":"2020-10-08T05:34:47.1989744Z","PriceUK":"1/21","ParticipantId":978},{"Id":2374087005706073,"Name":"Chelsea","Status":1,"StartPrice":"1.0","Price":"2.625","ProviderBetId":"8","LastUpdate":"2020-10-08T05:34:47.1989788Z","PriceUK":"13/8","ParticipantId":4},{"Id":12607212395706073,"Name":"Leeds United","Status":1,"StartPrice":"1.0","Price":"1.015","ProviderBetId":"8","LastUpdate":"2020-10-08T05:34:47.1989832Z","PriceUK":"1/21","ParticipantId":6},{"Id":3931454585706073,"Name":"West Bromwich Albion","Status":1,"StartPrice":"1.0","Price":"1.001","ProviderBetId":"8","LastUpdate":"2020-10-08T05:34:47.1989892Z","PriceUK":"1/21","ParticipantId":996},{"Id":7941489165706073,"Name":"Manchester City","Status":1,"StartPrice":"1.0","Price":"9.0","ProviderBetId":"8","LastUpdate":"2020-10-08T05:34:47.1989272Z","PriceUK":"8/1","ParticipantId":984},{"Id":10404088175706073,"Name":"West Ham United","Status":1,"StartPrice":"1.0","Price":"1.001","ProviderBetId":"8","LastUpdate":"2020-10-08T05:34:47.1989191Z","PriceUK":"1/21","ParticipantId":11},{"Id":4960603115706073,"Name":"Arsenal","Status":1,"StartPrice":"1.0","Price":"1.4","ProviderBetId":"8","LastUpdate":"2020-10-08T05:34:47.1989563Z","PriceUK":"2/5","ParticipantId":3},{"Id":17571139925706073,"Name":"Leicester City","Status":1,"StartPrice":"1.0","Price":"1.143","ProviderBetId":"8","LastUpdate":"2020-10-08T05:34:47.1990038Z","PriceUK":"15/104","ParticipantId":13},{"Id":16212063965706073,"Name":"Newcastle United","Status":1,"StartPrice":"1.0","Price":"1.001","ProviderBetId":"8","LastUpdate":"2020-10-08T05:34:47.1990081Z","PriceUK":"1/21","ParticipantId":8},{"Id":16096775985706073,"Name":"Fulham","Status":1,"StartPrice":"1.0","Price":"1.001","ProviderBetId":"8","LastUpdate":"2020-10-08T05:34:47.1989992Z","PriceUK":"1/21","ParticipantId":17},{"Id":18433265045706073,"Name":"Manchester United","Status":1,"StartPrice":"1.0","Price":"1.333","ProviderBetId":"8","LastUpdate":"2020-10-08T05:34:47.1989945Z","PriceUK":"18/55","ParticipantId":22},{"Id":18028211335706073,"Name":"Crystal Palace","Status":1,"StartPrice":"1.0","Price":"1.001","ProviderBetId":"8","LastUpdate":"2020-10-08T05:34:47.1989614Z","PriceUK":"1/21","ParticipantId":981},{"Id":9613480165706073,"Name":"Aston Villa","Status":1,"StartPrice":"1.0","Price":"1.005","ProviderBetId":"8","LastUpdate":"2020-10-08T05:34:47.1989412Z","PriceUK":"1/21","ParticipantId":18}]}]}]}]}}}