{"Header":{"Type":40,"MsgSeq":2536,"MsgGuid":"488d94d7-29b9-4040-ad49-f3f9fe41e33e","CreationDate":"2020-10-13T19:48:14.950118Z","ServerTimestamp":1602618494950},"Body":{"Competition":{"Id":67,"Name":"Premier League","Type":3,"Competitions":[{"Id":2024,"Name":"2020/2021","Type":4,"Events":[{"FixtureId":5706073,"Livescore":null,"Markets":[{"Id":586,"Name":"To Finish In Top Half","Bets":[{"Id":6214658805706073,"Name":"Crystal Palace","Status":2,"StartPrice":"1.0","Price":"5.0","ProviderBetId":"8","LastUpdate":"2020-10-13T18:40:06.8927362Z","PriceUK":"4/1","ParticipantId":981},{"Id":18510865055706073,"Name":"Manchester City","Status":2,"StartPrice":"1.0","Price":"1.001","ProviderBetId":"8","LastUpdate":"2020-10-13T18:40:06.8925925Z","PriceUK":"1/21","ParticipantId":984},{"Id":19562383555706073,"Name":"Sheffield  United","Status":2,"StartPrice":"1.0","Price":"10.0","ProviderBetId":"8","LastUpdate":"2020-10-13T18:40:06.8926954Z","PriceUK":"9/1","ParticipantId":991},{"Id":17144761105706073,"Name":"Southampton","Status":2,"StartPrice":"1.0","Price":"3.0","ProviderBetId":"8","LastUpdate":"2020-10-13T18:40:06.8927112Z","PriceUK":"2/1","ParticipantId":15},{"Id":530909525706073,"Name":"West Ham United","Status":2,"StartPrice":"1.0","Price":"5.0","ProviderBetId":"8","LastUpdate":"2020-10-13T18:40:06.8925765Z","PriceUK":"4/1","ParticipantId":11},{"Id":13241178875706073,"Name":"Manchester United","Status":2,"StartPrice":"1.0","Price":"1.1","ProviderBetId":"8","LastUpdate":"2020-10-13T18:40:06.8927169Z","PriceUK":"1/10","ParticipantId":22},{"Id":21171655355706073,"Name":"Brighton And Hove Albion","Status":2,"StartPrice":"1.0","Price":"5.0","ProviderBetId":"8","LastUpdate":"2020-10-13T18:40:06.8927215Z","PriceUK":"4/1","ParticipantId":1002},{"Id":11561975195706073,"Name":"West Bromwich Albion","Status":2,"StartPrice":"1.0","Price":"17.0","ProviderBetId":"8","LastUpdate":"2020-10-13T18:40:06.8926536Z","PriceUK":"16/1","ParticipantId":996},{"Id":11711517395706073,"Name":"Leicester City","Status":2,"StartPrice":"1.0","Price":"1.167","ProviderBetId":"8","LastUpdate":"2020-10-13T18:40:06.8927053Z","PriceUK":"16/95","ParticipantId":13},{"Id":20947323315706073,"Name":"Newcastle United","Status":2,"StartPrice":"1.0","Price":"6.0","ProviderBetId":"8","LastUpdate":"2020-10-13T18:40:06.8927002Z","PriceUK":"5/1","ParticipantId":8},{"Id":13831488955706073,"Name":"Wolverhampton Wanderers","Status":2,"StartPrice":"1.0","Price":"1.533","ProviderBetId":"8","LastUpdate":"2020-10-13T18:40:06.8926626Z","PriceUK":"8/15","ParticipantId":998},{"Id":16317720695706073,"Name":"Fulham","Status":2,"StartPrice":"1.0","Price":"26.0","ProviderBetId":"8","LastUpdate":"2020-10-13T18:40:06.892687Z","PriceUK":"25/1","ParticipantId":17},{"Id":8574700055706073,"Name":"Tottenham Hotspur","Status":2,"StartPrice":"1.0","Price":"1.125","ProviderBetId":"8","LastUpdate":"2020-10-13T18:40:06.8925997Z","PriceUK":"1/8","ParticipantId":21},{"Id":4160220025706073,"Name":"Liverpool","Status":2,"StartPrice":"1.0","Price":"1.001","ProviderBetId":"8","LastUpdate":"2020-10-13T18:40:06.89273Z","PriceUK":"1/21","ParticipantId":19},{"Id":14755454725706073,"Name":"Leeds United","Status":2,"StartPrice":"1.0","Price":"2.0","ProviderBetId":"8","LastUpdate":"2020-10-13T18:40:06.8927474Z","PriceUK":"1/1","ParticipantId":6},{"Id":2386765355706073,"Name":"Burnley","Status":2,"StartPrice":"1.0","Price":"11.0","ProviderBetId":"8","LastUpdate":"2020-10-13T18:40:06.8926808Z","PriceUK":"10/1","ParticipantId":978},{"Id":5183680385706073,"Name":"Arsenal","Status":2,"StartPrice":"1.0","Price":"1.063","ProviderBetId":"8","LastUpdate":"2020-10-13T18:40:06.8926705Z","PriceUK":"1/16","ParticipantId":3},{"Id":5084010895706073,"Name":"Aston Villa","Status":2,"StartPrice":"1.0","Price":"2.625","ProviderBetId":"8","LastUpdate":"2020-10-13T18:40:06.8927421Z","PriceUK":"13/8","ParticipantId":18},{"Id":2595776035706073,"Name":"Chelsea","Status":2,"StartPrice":"1.0","Price":"1.013","ProviderBetId":"8","LastUpdate":"2020-10-13T18:40:06.8926087Z","PriceUK":"1/21","ParticipantId":4},{"Id":14419154135706073,"Name":"Everton","Status":2,"StartPrice":"1.0","Price":"1.083","ProviderBetId":"8","LastUpdate":"2020-10-13T18:40:06.892676Z","PriceUK":"9/109","ParticipantId":12}]}]}]}]}}}